{"profile": {"profile_data": {"id": 44196397, "id_str": "44196397", "name": "Elon Musk", "screen_name": "elonmusk", "location": "", "profile_location": null, "description": "", "url": null, "entities": {"description": {"urls": []}}, "protected": false, "followers_count": 36339586, "friends_count": 91, "listed_count": 53893, "created_at": "Tue Jun 02 20:12:29 +0000 2009", "favourites_count": 5929, "utc_offset": null, "time_zone": null, "geo_enabled": false, "verified": true, "statuses_count": 11397, "lang": null, "status": {"created_at": "Sat Jun 27 05:22:40 +0000 2020", "id": 1276747755914842000, "id_str": "1276747755914842112", "text": "@CathieDWood For sure", "truncated": false, "entities": {"hashtags": [], "symbols": [], "user_mentions": [{"screen_name": "CathieDWood", "name": "Cathie Wood", "id": 2361631088, "id_str": "2361631088", "indices": [0, 12]}], "urls": []}, "source": "<a href=\"http://twitter.com/download/iphone\" rel=\"nofollow\">Twitter for iPhone</a>", "in_reply_to_status_id": 1276746960876318700, "in_reply_to_status_id_str": "1276746960876318720", "in_reply_to_user_id": 2361631088, "in_reply_to_user_id_str": "2361631088", "in_reply_to_screen_name": "CathieDWood", "geo": null, "coordinates": null, "place": null, "contributors": null, "is_quote_status": false, "retweet_count": 60, "favorite_count": 1464, "favorited": false, "retweeted": false, "lang": "en"}, "contributors_enabled": false, "is_translator": false, "is_translation_enabled": false, "profile_background_color": "C0DEED", "profile_background_image_url": "http://abs.twimg.com/images/themes/theme1/bg.png", "profile_background_image_url_https": "https://abs.twimg.com/images/themes/theme1/bg.png", "profile_background_tile": false, "profile_image_url": "http://pbs.twimg.com/profile_images/1276417699032137728/QGSGH8FZ_normal.jpg", "profile_image_url_https": "https://pbs.twimg.com/profile_images/1276417699032137728/QGSGH8FZ_normal.jpg", "profile_banner_url": "https://pbs.twimg.com/profile_banners/44196397/1576183471", "profile_link_color": "0084B4", "profile_sidebar_border_color": "C0DEED", "profile_sidebar_fill_color": "DDEEF6", "profile_text_color": "333333", "profile_use_background_image": true, "has_extended_profile": true, "default_profile": false, "default_profile_image": false, "following": false, "follow_request_sent": false, "notifications": false, "translator_type": "none"}, "username": "elonmusk", "prediction": "REAL", "user_prediction": true}}