{"profile": {"profile_data": {"id": 25073877, "id_str": "25073877", "name": "Donald J. Trump", "screen_name": "realDonaldTrump", "location": "Washington, DC", "profile_location": null, "description": "45th President of the United States of America\ud83c\uddfa\ud83c\uddf8", "url": "https://t.co/OMxB0x7xC5", "entities": {"url": {"urls": [{"url": "https://t.co/OMxB0x7xC5", "expanded_url": "http://www.Instagram.com/realDonaldTrump", "display_url": "Instagram.com/realDonaldTrump", "indices": [0, 23]}]}, "description": {"urls": []}}, "protected": false, "followers_count": 82522054, "friends_count": 46, "listed_count": 115948, "created_at": "Wed Mar 18 13:46:38 +0000 2009", "favourites_count": 4, "utc_offset": null, "time_zone": null, "geo_enabled": true, "verified": true, "statuses_count": 53158, "lang": null, "status": {"created_at": "Sat Jun 27 11:17:35 +0000 2020", "id": 1276837074298122200, "id_str": "1276837074298122240", "text": "....We will win the Election against Corrupt Joe Biden, Nancy Pelosi, and Schumer. We will save the Supreme Court,\u2026 https://t.co/RCLwXBdZsD", "truncated": true, "entities": {"hashtags": [], "symbols": [], "user_mentions": [], "urls": [{"url": "https://t.co/RCLwXBdZsD", "expanded_url": "https://twitter.com/i/web/status/1276837074298122240", "display_url": "twitter.com/i/web/status/1\u2026", "indices": [116, 139]}]}, "source": "<a href=\"http://twitter.com/download/iphone\" rel=\"nofollow\">Twitter for iPhone</a>", "in_reply_to_status_id": 1276837073060868000, "in_reply_to_status_id_str": "1276837073060868096", "in_reply_to_user_id": 25073877, "in_reply_to_user_id_str": "25073877", "in_reply_to_screen_name": "realDonaldTrump", "geo": null, "coordinates": null, "place": null, "contributors": null, "is_quote_status": false, "retweet_count": 1437, "favorite_count": 5264, "favorited": false, "retweeted": false, "lang": "en"}, "contributors_enabled": false, "is_translator": false, "is_translation_enabled": true, "profile_background_color": "6D5C18", "profile_background_image_url": "http://abs.twimg.com/images/themes/theme1/bg.png", "profile_background_image_url_https": "https://abs.twimg.com/images/themes/theme1/bg.png", "profile_background_tile": true, "profile_image_url": "http://pbs.twimg.com/profile_images/874276197357596672/kUuht00m_normal.jpg", "profile_image_url_https": "https://pbs.twimg.com/profile_images/874276197357596672/kUuht00m_normal.jpg", "profile_banner_url": "https://pbs.twimg.com/profile_banners/25073877/1592726901", "profile_link_color": "1B95E0", "profile_sidebar_border_color": "BDDCAD", "profile_sidebar_fill_color": "C5CEC0", "profile_text_color": "333333", "profile_use_background_image": true, "has_extended_profile": false, "default_profile": false, "default_profile_image": false, "following": false, "follow_request_sent": false, "notifications": false, "translator_type": "regular"}, "username": "realDonaldTrump", "prediction": "REAL", "user_prediction": true}}